City_ID,City,Country,Lat,Lng,Max Temp,Humidity,Cloudiness,Wind Speed,Current Description
0,Kapaa,US,22.0752,-159.319,80.19,71,72,3.0,light rain
1,Mul,IN,20.0667,79.6667,82.81,73,100,5.64,overcast clouds
2,Albany,US,42.6001,-73.9662,81.3,75,99,1.72,overcast clouds
3,Ponta Do Sol,PT,32.6667,-17.1,72.72,79,7,4.18,clear sky
4,Hobart,AU,-42.8794,147.3294,48.22,78,40,3.0,light rain
5,Lebu,CL,-37.6167,-73.65,54.01,85,97,14.29,overcast clouds
6,Qaanaaq,GL,77.484,-69.3632,38.59,87,90,2.1,overcast clouds
7,Ushuaia,AR,-54.8,-68.3,42.46,70,40,4.61,scattered clouds
8,Mataura,NZ,-46.1927,168.8643,36.48,92,47,3.2,scattered clouds
9,Maningrida,AU,-12.0667,134.2667,63.32,92,72,8.37,broken clouds
10,Busselton,AU,-33.65,115.3333,53.1,82,92,12.75,overcast clouds
11,Waipawa,NZ,-41.4122,175.5153,45.23,90,36,2.28,scattered clouds
12,Longyearbyen,SJ,78.2186,15.6401,42.64,81,75,10.36,broken clouds
13,Torbay,CA,47.6666,-52.7314,70.75,75,75,14.97,broken clouds
14,Port Alfred,ZA,-33.5906,26.891,61.25,83,21,12.37,few clouds
15,Buritizeiro,BR,-17.3511,-44.9622,77.27,37,2,4.47,clear sky
16,Hamilton,US,39.1834,-84.5333,87.01,55,0,1.99,clear sky
17,Vestmannaeyjar,IS,63.4427,-20.2734,54.59,87,20,19.57,few clouds
18,Shenkursk,RU,62.1091,42.896,51.04,88,0,3.42,clear sky
19,Mandalgovi,MN,45.7625,106.2708,63.43,81,91,15.66,moderate rain
20,Morondava,MG,-20.2833,44.2833,70.65,76,5,2.75,clear sky
21,Pitmedden,GB,57.3369,-2.1802,63.01,73,75,3.44,broken clouds
22,Coquimbo,CL,-29.9533,-71.3436,56.93,71,0,4.61,clear sky
23,Castro,BR,-24.7911,-50.0119,43.14,68,1,2.21,clear sky
24,Kavieng,PG,-2.5744,150.7967,81.28,77,100,10.13,overcast clouds
25,Sobolevo,RU,54.4299,31.8996,62.65,81,76,6.78,broken clouds
26,Tasiilaq,GL,65.6145,-37.6368,39.85,90,100,7.49,light rain
27,Srednekolymsk,RU,67.45,153.6833,61.34,42,100,9.78,overcast clouds
28,Punta Arenas,CL,-53.15,-70.9167,41.11,81,75,16.11,broken clouds
29,Rikitea,PF,-23.1203,-134.9692,69.75,73,100,23.31,light rain
30,Chuy,UY,-33.6971,-53.4616,47.91,82,34,7.7,scattered clouds
31,Shaowu,CN,27.3409,117.4831,72.91,95,100,2.3,overcast clouds
32,Naze,JP,28.3667,129.4833,78.01,89,100,26.73,heavy intensity rain
33,Puerto Ayora,EC,-0.7393,-90.3518,80.56,88,87,5.99,overcast clouds
34,Chulman,RU,56.8479,124.9104,60.91,93,100,2.93,overcast clouds
35,Kodiak,US,57.79,-152.4072,60.44,77,29,6.69,scattered clouds
36,Nikolskoye,RU,59.7035,30.7861,60.69,79,1,5.03,clear sky
37,Yarmouth,US,41.7057,-70.2286,76.03,88,90,8.01,overcast clouds
38,Hermanus,ZA,-34.4187,19.2345,50.9,82,100,2.73,light rain
39,Asau,RO,46.4333,26.4,67.12,99,100,3.65,light rain
40,Dikson,RU,73.5069,80.5464,38.44,81,0,6.82,clear sky
41,Beringovskiy,RU,63.05,179.3167,45.36,98,100,6.2,light rain
42,Chokurdakh,RU,70.6333,147.9167,57.85,49,100,7.67,overcast clouds
43,Aquin,HT,18.2833,-73.4,84.96,70,76,7.4,broken clouds
44,Ancud,CL,-41.8697,-73.8203,53.13,99,100,8.1,moderate rain
45,Paamiut,GL,61.994,-49.6678,43.77,81,12,3.94,few clouds
46,Barrow,US,71.2906,-156.7887,39.4,94,100,4.72,overcast clouds
47,Katsuura,JP,35.1333,140.3,82.11,85,0,5.28,clear sky
48,Bluff,NZ,-46.6,168.3333,36.81,85,59,11.83,broken clouds
49,Vaini,TO,-21.2,-175.2,73.56,100,20,1.14,few clouds
50,Butaritari,KI,3.0707,172.7902,82.9,72,100,12.3,overcast clouds
51,Hilo,US,19.7297,-155.09,82.27,78,98,3.0,light rain
52,Pombas,CV,17.1503,-25.0201,76.78,85,48,12.15,scattered clouds
53,Eureka,US,40.8021,-124.1637,68.2,75,68,1.99,broken clouds
54,Sur,OM,22.5667,59.5289,89.49,60,18,15.7,few clouds
55,Conceicao Do Araguaia,BR,-8.2578,-49.2647,96.93,23,0,6.91,clear sky
56,Freeport,US,40.6576,-73.5832,84.69,68,100,5.01,overcast clouds
57,Nicoya,CR,10.1483,-85.452,90.95,67,37,6.53,scattered clouds
58,Atuona,PF,-9.8,-139.0333,77.52,73,21,28.03,few clouds
59,Abja-Paluoja,EE,58.1253,25.3497,57.85,86,3,4.72,clear sky
60,Airai,TL,-8.9266,125.4092,55.15,84,5,3.47,clear sky
61,San Patricio,US,28.017,-97.5169,96.89,47,68,11.05,broken clouds
62,Yellowknife,CA,62.456,-114.3525,69.3,70,90,9.22,overcast clouds
63,Saint-Philippe,RE,-21.3585,55.7679,71.19,76,60,16.13,broken clouds
64,Sturgeon Falls,CA,46.3646,-79.9326,88.09,50,37,1.86,scattered clouds
65,Torbat-E Jam,IR,35.244,60.6225,78.55,16,0,12.53,clear sky
66,Kawai,JP,34.2333,135.85,70.95,83,62,1.59,broken clouds
67,Marzuq,YE,14.4,46.4667,82.13,52,85,7.45,overcast clouds
68,Bethel,US,41.3712,-73.414,81.1,76,81,1.01,broken clouds
69,Severo-Kurilsk,RU,50.6789,156.125,50.32,97,96,8.59,overcast clouds
70,Neuquen,AR,-38.9516,-68.0591,62.49,25,0,6.91,clear sky
71,Upington,ZA,-28.4478,21.2561,53.98,30,8,8.05,clear sky
72,Mahebourg,MU,-20.4081,57.7,71.89,73,20,13.8,few clouds
73,Upernavik,GL,72.7868,-56.1549,40.93,82,98,4.36,overcast clouds
74,Pietersburg,ZA,-23.9045,29.4688,50.85,58,5,3.44,clear sky
75,Te Anau,NZ,-45.4167,167.7167,36.36,91,97,1.34,overcast clouds
76,Miranda De Ebro,ES,42.6865,-2.947,75.63,69,0,3.74,clear sky
77,Igrim,RU,63.1906,64.4162,59.47,56,15,5.84,few clouds
78,Hithadhoo,MV,-0.6,73.0833,81.48,73,94,5.01,overcast clouds
79,Mar Del Plata,AR,-38.0023,-57.5575,54.88,63,0,5.99,clear sky
80,Sovetskiy,RU,61.3614,63.5842,59.4,74,3,4.52,clear sky
81,Lapua,FI,62.9693,23.0088,57.22,61,97,9.1,overcast clouds
82,Jamestown,US,42.097,-79.2353,82.09,58,0,4.0,clear sky
83,Oeiras Do Para,BR,-2.0031,-49.8544,82.58,72,48,1.39,scattered clouds
84,Narsaq,GL,60.9167,-46.05,45.3,98,100,4.32,overcast clouds
85,Iqaluit,CA,63.7506,-68.5145,47.93,61,75,6.91,broken clouds
86,Kashan,IR,33.9831,51.4364,91.56,23,56,3.94,broken clouds
87,Prince Albert,CA,53.2001,-105.7677,62.55,77,90,9.22,overcast clouds
88,Waddan,LY,29.1614,16.139,83.39,34,0,10.02,clear sky
89,Pevek,RU,69.7008,170.3133,37.69,86,23,4.25,few clouds
90,Livingstonia,MW,-10.606,34.1063,55.58,73,1,3.69,clear sky
91,Hasaki,JP,35.7333,140.8333,75.49,88,1,7.34,clear sky
92,Port Hardy,CA,50.6996,-127.4199,64.58,59,75,3.44,broken clouds
93,Huilong,CN,31.8111,121.655,81.99,89,72,12.68,broken clouds
94,Tiksi,RU,71.6872,128.8694,54.73,90,100,8.88,light rain
95,Saskylakh,RU,71.9167,114.0833,51.71,90,92,7.43,overcast clouds
96,Maryville,US,35.7565,-83.9705,84.58,80,100,1.01,overcast clouds
97,Okhotsk,RU,59.3833,143.3,59.83,80,10,5.93,clear sky
98,Tura,IN,25.5198,90.2201,74.01,98,100,4.23,overcast clouds
99,Atar,MR,20.5169,-13.0499,100.38,17,7,11.72,clear sky
100,Kieta,PG,-6.2167,155.6333,78.71,86,100,6.06,overcast clouds
101,Manadhoo,MV,5.7667,73.3833,82.87,74,94,12.82,overcast clouds
102,San Carlos De Bariloche,AR,-41.1456,-71.3082,53.35,62,75,18.41,broken clouds
103,Nabire,ID,-3.3667,135.4833,75.09,91,92,3.11,overcast clouds
104,Bredasdorp,ZA,-34.5322,20.0403,52.92,82,100,3.44,light rain
105,Bhinmal,IN,25.0,72.25,82.85,77,100,20.45,overcast clouds
106,Nizwa,OM,22.9333,57.5333,87.98,55,49,4.74,scattered clouds
107,Uyuni,BO,-20.4597,-66.825,50.14,16,30,7.02,scattered clouds
108,Lorengau,PG,-2.0226,147.2712,79.54,83,100,2.68,moderate rain
109,Arraial Do Cabo,BR,-22.9661,-42.0278,67.96,56,0,16.11,clear sky
110,Rio Gallegos,AR,-51.6226,-69.2181,48.25,53,75,4.61,broken clouds
111,Batticaloa,LK,7.7102,81.6924,80.92,71,100,6.91,overcast clouds
112,Vostok,RU,46.4856,135.8833,70.84,79,22,1.59,few clouds
113,Avarua,CK,-21.2078,-159.775,80.65,74,75,17.27,broken clouds
114,Pokosnoye,RU,55.5258,101.0536,55.26,89,9,3.96,clear sky
115,Havelock,US,34.8791,-76.9013,80.6,85,75,5.01,broken clouds
116,Kedgwick,CA,47.6446,-67.3434,81.27,43,96,0.94,overcast clouds
117,Mogadishu,SO,2.0371,45.3438,76.48,82,96,19.33,overcast clouds
118,Meulaboh,ID,4.1363,96.1285,75.51,90,100,4.68,overcast clouds
119,Kihei,US,20.785,-156.4656,83.46,82,75,8.37,broken clouds
120,Gat,IL,31.61,34.7642,81.81,100,11,8.46,few clouds
121,Mizdah,LY,31.4451,12.9801,75.04,47,0,9.46,clear sky
122,Richards Bay,ZA,-28.783,32.0377,62.26,74,0,13.09,clear sky
123,Carnarvon,AU,-24.8667,113.6333,55.47,76,7,9.22,clear sky
124,Aripuana,BR,-9.1667,-60.6333,88.36,36,0,3.36,clear sky
125,Jizan,SA,17.3333,42.6667,90.54,55,100,7.2,overcast clouds
126,Ribeira Grande,PT,38.5167,-28.7,72.0,83,40,17.27,scattered clouds
127,Cape Town,ZA,-33.9258,18.4232,53.11,90,75,1.99,light rain
128,Clyde River,CA,70.4692,-68.5914,41.23,75,90,5.75,overcast clouds
129,Lata,PT,40.1629,-8.3327,66.04,97,16,3.83,few clouds
130,Okakarara,NA,-20.5833,17.4333,50.13,31,0,7.49,clear sky
131,Villa Carlos Paz,AR,-31.4241,-64.4978,63.68,35,0,14.0,clear sky
132,Roebourne,AU,-20.7833,117.1333,67.98,53,78,4.59,broken clouds
133,Barreirinhas,BR,-2.7469,-42.8264,78.75,78,62,7.58,broken clouds
134,Vanavara,RU,60.34,102.2797,56.35,75,86,4.74,light rain
135,Yar-Sale,RU,66.8333,70.8333,51.31,78,42,9.57,scattered clouds
136,Surt,LY,31.2089,16.5887,79.25,68,0,9.69,clear sky
137,Cherskiy,RU,68.75,161.3,55.24,50,100,9.66,overcast clouds
138,Bathsheba,BB,13.2167,-59.5167,84.81,74,20,23.02,few clouds
139,Saint George,US,37.1041,-113.5841,98.38,31,1,4.0,clear sky
140,Berbera,SO,10.4396,45.0143,91.31,39,100,23.47,overcast clouds
141,Hare Bay,CA,48.8499,-54.0148,81.75,47,100,12.03,overcast clouds
142,Chapais,CA,49.7834,-74.8492,65.98,80,74,9.64,broken clouds
143,Powell River,CA,49.8496,-124.5361,82.04,60,20,5.75,few clouds
144,Kumluca,TR,36.3703,30.2869,79.07,54,0,3.83,clear sky
145,Ermelo,ZA,-26.5333,29.9833,39.13,25,0,4.38,clear sky
146,Nanortalik,GL,60.1432,-45.2371,43.7,98,100,9.95,overcast clouds
147,La Grande,US,45.3246,-118.0877,96.03,17,100,5.3,overcast clouds
148,Lompoc,US,34.6391,-120.4579,92.21,61,1,16.11,mist
149,Nome,US,64.5011,-165.4064,59.16,93,100,10.49,overcast clouds
150,Codrington,AU,-38.2667,141.9667,48.67,96,100,11.65,light rain
151,Saint-Denis,FR,48.9167,2.3333,77.49,62,0,5.75,clear sky
152,Lohardaga,IN,23.4333,84.6833,77.18,84,100,5.84,overcast clouds
153,Brunico,IT,46.7958,11.9364,66.09,80,3,2.68,clear sky
154,Kathu,TH,7.9178,98.3332,86.7,71,96,13.78,overcast clouds
155,Sarangani,PH,5.4033,125.4636,83.57,75,91,9.98,overcast clouds
156,Agadez,NE,19.75,10.25,91.44,16,24,1.12,few clouds
157,Victoria,HK,22.2855,114.1577,80.65,93,94,5.99,light rain
158,Toamasina,MG,-18.1667,49.3833,68.0,94,75,8.05,light rain
159,Flinders,AU,-34.5833,150.8552,51.19,68,3,8.99,clear sky
160,Mumford,GH,5.2618,-0.759,75.76,86,39,11.81,scattered clouds
161,Kedrovyy,RU,56.1667,91.8167,57.61,96,60,2.71,broken clouds
162,Berlevag,NO,70.8578,29.0864,46.2,81,75,2.3,moderate rain
163,Oktyabrskiy,RU,54.4815,53.471,68.0,67,20,2.48,few clouds
164,Fairbanks,US,64.8378,-147.7164,76.6,48,1,0.0,clear sky
165,Karratha,AU,-20.7377,116.8463,67.84,59,89,4.38,overcast clouds
166,Eyrarbakki,IS,63.863,-21.1481,58.21,81,47,11.72,scattered clouds
167,Northam,GB,51.0333,-4.2167,72.39,85,0,0.76,clear sky
168,Belaya Gora,RU,68.5333,146.4167,57.6,54,100,6.2,overcast clouds
169,Sao Filipe,CV,14.8961,-24.4956,75.02,85,23,8.28,few clouds
170,Kharp,RU,66.8014,65.8081,56.48,80,100,2.21,overcast clouds
171,Bengkulu,ID,-3.8004,102.2655,74.98,90,77,5.19,broken clouds
172,Kippen,GB,56.1268,-4.1709,65.59,78,9,2.39,clear sky
173,Taltal,CL,-25.4,-70.4833,61.95,75,26,7.31,scattered clouds
174,Khanpur,PK,28.6453,70.6567,89.44,63,98,20.07,overcast clouds
175,Vung Tau,VN,10.346,107.0843,80.13,84,100,14.29,overcast clouds
176,Tiarei,PF,-17.5333,-149.3333,78.82,81,100,25.3,overcast clouds
177,Vestmanna,FO,62.1564,-7.1664,49.12,93,90,11.5,overcast clouds
178,Miraflores,MX,19.2167,-98.8083,77.04,52,57,1.79,broken clouds
179,Semey,KZ,50.4111,80.2275,64.47,61,95,7.31,overcast clouds
180,Niquero,CU,20.0431,-77.5828,86.38,68,48,5.1,scattered clouds
181,Portland,US,45.5234,-122.6762,89.29,37,0,1.01,clear sky
182,Ponta Delgada,PT,37.7333,-25.6667,70.52,88,40,12.66,scattered clouds
183,Alofi,NU,-19.0595,-169.9187,73.29,94,40,4.61,scattered clouds
184,East London,ZA,-33.0153,27.9116,63.14,65,0,14.47,clear sky
185,Mehamn,NO,71.0357,27.8492,44.51,76,85,22.79,overcast clouds
186,Astaneh-Ye Ashrafiyeh,IR,37.2596,49.9444,80.87,80,0,2.26,clear sky
187,Moose Factory,CA,51.2585,-80.6094,51.8,87,90,3.44,overcast clouds
188,Roquetas De Mar,ES,36.7642,-2.6148,77.0,83,0,1.63,clear sky
189,Awbari,LY,26.5921,12.7805,89.28,19,4,13.13,clear sky
190,Xining,CN,36.6167,101.7667,56.03,81,34,2.15,scattered clouds
191,Lagoa,PT,39.05,-27.9833,69.44,85,85,23.31,overcast clouds
192,Mindelo,CV,16.8901,-24.9804,78.35,73,40,5.75,scattered clouds
193,Saint Anthony,US,45.0205,-93.218,89.92,41,0,1.99,clear sky
194,Graaff-Reinet,ZA,-32.2522,24.5308,53.8,18,14,11.03,few clouds
195,Esperance,AU,-33.8667,121.9,51.64,78,99,8.32,overcast clouds
196,Pontes E Lacerda,BR,-15.2261,-59.3353,76.44,22,0,6.62,clear sky
197,Trincomalee,LK,8.5711,81.2335,80.74,79,77,23.64,broken clouds
198,Yumen,CN,40.2833,97.2,75.34,30,75,12.71,broken clouds
199,Seymchan,RU,62.8833,152.4333,59.09,48,83,6.42,broken clouds
200,Am Timan,TD,11.0297,20.2827,74.77,83,76,5.23,light rain
201,Vaitape,PF,-16.5167,-151.75,79.05,76,100,23.04,overcast clouds
202,Panchagarh,BD,26.3313,88.562,77.23,96,100,5.97,light rain
203,Karpathos,GR,35.507,27.2132,76.59,82,0,1.88,clear sky
204,Yaan,NG,7.3833,8.5667,72.84,94,90,5.53,moderate rain
205,Abu Kamal,SY,34.4506,40.9171,96.76,12,0,10.94,clear sky
206,Guerrero Negro,MX,27.9769,-114.0611,82.22,53,23,16.78,few clouds
207,Moron,AR,-34.6534,-58.6198,55.29,57,0,1.01,clear sky
208,Nelson Bay,AU,-32.7167,152.15,50.09,76,0,1.99,clear sky
209,Basudebpur,IN,21.1353,86.7386,84.07,79,100,10.33,light rain
210,Itaituba,BR,-4.2761,-55.9836,93.36,59,20,5.75,few clouds
211,Ahuimanu,US,21.4447,-157.8378,85.71,68,24,21.43,few clouds
212,Grafton,US,42.207,-71.6856,74.19,82,90,0.0,overcast clouds
213,Yuancheng,CN,36.652,107.7896,65.25,90,39,8.57,scattered clouds
214,Khandbari,NP,27.3747,87.2039,72.73,95,100,1.01,overcast clouds
215,Bystrogorskiy,RU,48.2081,41.141,81.03,33,1,7.23,clear sky
216,Seydi,TM,39.4816,62.9137,85.41,24,16,12.41,few clouds
217,Geraldton,AU,-28.7667,114.6,55.81,94,90,16.11,light rain
218,Chadan,RU,51.2833,91.5833,52.21,88,97,1.61,overcast clouds
219,Buarcos,PT,40.166,-8.8768,65.66,91,67,11.5,broken clouds
220,Srandakan,ID,-7.9386,110.2506,75.4,91,46,5.5,scattered clouds
221,Manzhouli,CN,49.6,117.4333,63.01,90,60,1.86,broken clouds
222,Kuching,MY,1.55,110.3333,75.42,94,40,0.0,thunderstorm with light rain
223,Demba,CD,-5.51,22.2667,70.93,35,76,2.42,broken clouds
224,Nerchinskiy Zavod,RU,51.3088,119.61,59.72,98,74,0.6,broken clouds
225,Port Keats,AU,-14.25,129.55,65.52,34,8,8.39,clear sky
226,Kodino,RU,63.7198,39.6447,55.47,63,19,4.41,few clouds
227,Kaspiyskiy,RU,45.3929,47.3707,81.18,58,0,7.87,clear sky
228,Kaeo,NZ,-35.1,173.7833,48.33,97,40,3.18,scattered clouds
229,Krasnoselkup,RU,65.7,82.4667,46.62,76,71,2.86,broken clouds
230,Taksimo,RU,56.3444,114.8794,64.65,78,100,1.36,overcast clouds
231,Sitka,US,57.0531,-135.33,65.23,67,65,5.86,broken clouds
232,Punta Alta,AR,-38.8759,-62.0736,56.25,34,99,16.87,overcast clouds
233,Cidreira,BR,-30.1811,-50.2056,54.48,69,57,18.12,broken clouds
234,Road Town,VG,18.4167,-64.6167,86.04,70,20,11.5,few clouds
235,Hofn,IS,64.2539,-15.2082,51.89,85,85,5.21,overcast clouds
236,Port Lincoln,AU,-34.7333,135.8667,54.82,77,92,22.01,overcast clouds
237,Platanos,GR,37.6667,21.6167,77.7,85,28,0.31,scattered clouds
238,Surami,GE,42.0243,43.5556,70.95,64,0,3.2,clear sky
239,Sivas,TR,39.7916,37.0019,72.03,38,0,4.14,clear sky
240,Lichinga,MZ,-13.3128,35.2406,59.09,77,0,8.05,clear sky
241,Manbij,SY,36.5281,37.9549,86.77,28,0,14.94,clear sky
242,Mount Isa,AU,-20.7333,139.5,47.97,57,4,0.0,clear sky
243,Henties Bay,NA,-22.116,14.2845,60.85,72,0,6.69,clear sky
244,Khatanga,RU,71.9667,102.5,56.35,65,100,4.0,overcast clouds
245,Calama,CL,-22.4667,-68.9333,72.09,6,20,25.32,few clouds
246,Payakumbuh,ID,-0.2202,100.6308,67.42,86,100,3.47,overcast clouds
247,Koudougou,BF,12.25,-2.3667,85.41,56,30,6.26,scattered clouds
248,Ilulissat,GL,69.2167,-51.1,37.99,97,100,13.67,overcast clouds
249,Elko,US,41.0002,-115.5012,77.81,31,99,0.67,overcast clouds
250,Las Palmas,ES,28.4204,-14.0131,79.59,47,0,6.91,clear sky
251,Walvis Bay,NA,-22.9575,14.5053,61.09,53,0,4.83,clear sky
252,Adrar,MR,20.5022,-10.0711,101.3,10,47,7.09,scattered clouds
253,Leningradskiy,RU,69.3833,178.4167,40.66,85,100,2.37,overcast clouds
254,Jand,PK,33.4299,72.0193,75.85,83,100,4.12,overcast clouds
255,Cuaspud,CO,0.8628,-77.7263,50.81,87,90,9.22,light intensity drizzle
256,Kokoda,PG,-8.8785,147.7407,73.81,89,92,1.36,moderate rain
257,Virtsu,EE,58.5716,23.5115,58.98,75,93,12.19,overcast clouds
258,Fortuna,US,40.5982,-124.1573,90.48,74,1,3.0,clear sky
259,Havre-Saint-Pierre,CA,50.2334,-63.5986,75.56,53,1,6.91,clear sky
260,Tuktoyaktuk,CA,69.4541,-133.0374,66.2,63,90,11.5,overcast clouds
261,Antalaha,MG,-14.9003,50.2788,70.88,88,95,9.26,light rain
262,Santa Cruz,BO,-17.8,-63.1667,71.65,26,20,12.66,few clouds
263,Puerto Baquerizo Moreno,EC,-0.9,-89.6,77.99,73,40,14.97,scattered clouds
264,Gotsu,JP,35.0,132.2167,73.67,83,68,5.44,broken clouds
265,Port Elizabeth,ZA,-33.918,25.5701,54.1,84,100,9.15,overcast clouds
266,Seoul,KR,37.5683,126.9778,74.71,94,0,3.44,clear sky
267,Port Hedland,AU,-20.3167,118.5667,59.05,47,29,8.05,scattered clouds
268,Elliot Lake,CA,46.3834,-82.6331,80.69,34,45,10.49,scattered clouds
269,Faanui,PF,-16.4833,-151.75,79.02,77,100,23.04,overcast clouds
270,Tezu,IN,27.9167,96.1667,76.98,94,95,2.82,overcast clouds
271,Tabou,CI,4.423,-7.3528,76.51,75,80,11.34,broken clouds
272,Coahuayana,MX,18.7333,-103.6833,90.16,58,51,6.08,broken clouds
273,Oistins,BB,13.0667,-59.5333,84.29,74,20,23.02,few clouds
274,Romitan,UZ,39.9343,64.3814,76.95,38,0,4.61,clear sky
275,Hengshan,CN,45.2,130.9167,73.56,85,90,3.18,overcast clouds
276,Santarem,BR,-2.4431,-54.7083,86.13,70,20,5.75,few clouds
277,Blagoyevo,RU,63.3667,47.9167,57.0,91,100,6.38,overcast clouds
278,Georgetown,MY,5.4112,100.3354,81.9,88,20,0.0,few clouds
279,Margate,GB,51.3813,1.3862,67.03,86,2,1.01,clear sky
280,Tamandare,BR,-8.7597,-35.1047,75.88,82,38,8.28,scattered clouds
281,Arman,RU,59.7,150.1667,58.98,59,56,2.24,broken clouds
282,Bambous Virieux,MU,-20.3428,57.7575,71.85,73,20,13.8,few clouds
283,Saquarema,BR,-22.92,-42.5103,68.14,50,38,18.19,scattered clouds
284,Mormugao,IN,15.4,73.8,78.85,82,99,14.79,overcast clouds
285,Mantua,IT,45.1667,10.7833,79.84,62,6,1.01,clear sky
286,Deputatskiy,RU,69.3,139.9,55.62,87,100,3.94,overcast clouds
287,Garoua Boulai,CM,5.8833,14.55,63.88,95,43,1.5,scattered clouds
288,Vao,NC,-22.6667,167.4833,69.26,72,59,10.89,broken clouds
289,Shelburne,CA,44.0787,-80.2041,83.75,43,6,10.16,clear sky
290,Calafell,ES,41.2,1.5683,83.03,72,0,4.5,clear sky
291,Makhinjauri,GE,41.6739,41.694,78.66,89,0,4.61,clear sky
292,Spornoye,RU,50.8448,37.2913,71.62,77,5,8.16,clear sky
293,Iguape,BR,-24.7081,-47.5553,59.88,55,0,2.91,clear sky
294,Dandong,CN,40.1292,124.3947,71.24,93,60,2.1,broken clouds
295,Anloga,GH,5.7947,0.8973,79.02,85,54,14.97,broken clouds
296,Baykit,RU,61.67,96.37,52.93,99,66,4.21,broken clouds
297,Mount Gambier,AU,-37.8333,140.7667,46.31,93,75,8.05,light rain
298,Bambanglipuro,ID,-7.95,110.2833,75.36,91,50,5.41,scattered clouds
299,Takikawa,JP,43.5528,141.9064,72.45,89,53,1.52,broken clouds
300,Talnakh,RU,69.4865,88.3972,50.95,69,95,6.93,overcast clouds
301,Fujin,CN,47.26,132.0322,75.34,74,66,3.74,broken clouds
302,Kruisfontein,ZA,-34.0033,24.7314,51.89,91,100,6.6,overcast clouds
303,Marawi,PH,7.9986,124.2928,66.65,83,89,4.25,overcast clouds
304,Norman Wells,CA,65.282,-126.8329,73.44,49,40,5.75,scattered clouds
305,Buta,CD,2.7858,24.73,68.38,90,100,0.92,overcast clouds
306,Ossora,RU,59.2353,163.0719,63.86,69,69,10.25,broken clouds
307,Uni,RU,57.7535,51.4923,65.3,74,52,7.34,broken clouds
308,Dinguiraye,GN,11.3,-10.7167,76.33,78,74,3.71,broken clouds
309,Wittmund,DE,53.5667,7.7833,61.03,85,75,4.61,broken clouds
310,Souillac,MU,-20.5167,57.5167,71.98,73,20,13.8,few clouds
311,Maldonado,UY,-34.6667,-54.9167,44.22,89,40,6.33,scattered clouds
312,Motril,ES,36.7507,-3.5179,90.1,53,0,1.34,clear sky
313,Santa Cruz Del Norte,CU,23.1539,-81.9236,87.73,75,31,15.05,scattered clouds
314,Nichinan,JP,31.6,131.3667,77.05,90,100,13.06,overcast clouds
315,Saint-Augustin,CA,51.226,-58.6502,69.1,55,100,17.74,overcast clouds
316,Camacha,PT,33.0833,-16.3333,67.42,68,75,13.8,broken clouds
317,Balkhash,KZ,46.844,74.9804,76.24,42,65,8.57,broken clouds
318,Ouadda,CF,8.0777,22.4007,67.41,99,99,3.27,overcast clouds
319,Abu Samrah,SY,35.3029,37.1841,83.46,33,0,7.4,clear sky
320,Rociu,RO,44.6667,25.0333,69.44,84,91,8.12,moderate rain
321,Labuhan,ID,-6.8844,112.2051,77.5,83,50,9.24,scattered clouds
322,Conakry,GN,9.538,-13.6773,80.67,83,40,6.91,scattered clouds
323,Isangel,VU,-19.55,169.2667,75.52,83,17,5.37,few clouds
324,Aklavik,CA,68.2191,-135.0107,74.23,53,40,5.75,scattered clouds
325,Hami,CN,42.8,93.45,86.32,19,100,10.22,overcast clouds
326,Cortes,ES,41.9395,-1.4396,88.39,48,0,11.32,clear sky
327,Isla Aguada,MX,18.7833,-91.4667,83.1,75,32,9.33,scattered clouds
328,Rudnya,RU,54.947,31.0934,66.52,59,91,7.54,overcast clouds
329,Ust-Nera,RU,64.5667,143.2,70.79,35,2,6.87,clear sky
330,Ostrovnoy,RU,68.0531,39.5131,49.17,85,78,11.83,broken clouds
331,Zhigansk,RU,66.7697,123.3711,61.05,73,5,7.18,clear sky
332,Batagay-Alyta,RU,67.8006,130.4114,62.73,64,69,10.36,broken clouds
333,Dingle,PH,10.9995,122.6711,76.6,89,100,8.1,light rain
334,Chumikan,RU,54.7183,135.315,56.05,83,100,3.56,overcast clouds
335,Haimen,CN,23.1935,116.6142,78.69,92,100,6.35,overcast clouds
336,Polson,US,47.6936,-114.1632,91.11,49,100,1.32,overcast clouds
337,Puri,IN,19.8,85.85,86.38,83,100,16.6,overcast clouds
338,Kenai,US,60.5544,-151.2583,72.03,92,21,12.19,few clouds
339,College,US,64.8569,-147.8028,76.59,49,99,0.98,overcast clouds
340,Egvekinot,RU,66.3167,-179.1667,38.59,88,100,9.26,light rain
341,Abrau-Dyurso,RU,44.69,37.59,71.06,64,0,4.74,clear sky
342,Juneau,US,58.3019,-134.4197,67.84,68,67,4.32,broken clouds
343,Makakilo City,US,21.3469,-158.0858,84.52,64,75,8.05,broken clouds
344,Luderitz,NA,-26.6481,15.1594,58.55,78,6,10.11,clear sky
345,Virginia Beach,US,36.8529,-75.978,79.02,88,100,7.4,light rain
346,Klaksvik,FO,62.2266,-6.589,50.92,95,64,12.01,broken clouds
347,Alakurtti,RU,66.9672,30.3491,51.64,87,100,6.98,light rain
348,Luwuk,ID,-0.9516,122.7875,75.33,84,80,4.92,broken clouds
349,Puerto Escondido,MX,15.85,-97.0667,88.09,60,87,5.73,overcast clouds
350,Pemangkat,ID,1.1667,108.9667,79.75,82,79,0.13,broken clouds
351,Verkhnevilyuysk,RU,63.4453,120.3167,60.13,84,100,3.53,overcast clouds
352,Taoudenni,ML,22.6783,-3.9836,107.91,7,18,3.8,few clouds
353,Itacarambi,BR,-15.1022,-44.0919,80.62,27,0,0.54,clear sky
354,Winder,US,33.9926,-83.7202,82.71,75,75,4.61,broken clouds
355,Charters Towers,AU,-20.1,146.2667,56.34,65,7,8.57,clear sky
356,Tuatapere,NZ,-46.1333,167.6833,36.82,88,88,5.46,overcast clouds
357,Safaga,EG,26.7292,33.9365,96.75,34,8,17.09,clear sky
358,Bonavista,CA,48.6499,-53.1147,78.8,71,98,15.26,overcast clouds
359,Quatre Cocos,MU,-20.2078,57.7625,71.71,68,56,21.39,broken clouds
360,Biharamulo,TZ,-2.6319,31.3089,65.57,39,4,4.05,clear sky
361,Gashua,NG,12.871,11.0482,83.26,54,4,9.62,clear sky
362,New Norfolk,AU,-42.7826,147.0587,47.88,80,98,3.24,overcast clouds
363,Bubaque,GW,11.2833,-15.8333,81.19,80,65,12.57,broken clouds
364,Santa Catarina De Tepehuanes,MX,25.35,-105.7333,82.42,32,30,12.08,scattered clouds
365,Bara,NG,10.3744,10.7288,77.16,76,52,8.97,broken clouds
366,Kahului,US,20.8947,-156.47,83.46,77,40,19.57,very heavy rain
367,Maarianhamina,AX,60.0973,19.9348,49.86,93,0,1.14,clear sky
368,Thompson,CA,55.7435,-97.8558,68.16,37,40,5.75,scattered clouds
369,Mizan Teferi,ET,6.9833,35.5833,61.16,97,100,1.5,overcast clouds
370,Tautira,PF,-17.7333,-149.15,78.82,82,100,25.46,light rain
371,Moranbah,AU,-22.0016,148.0466,53.49,47,2,6.02,clear sky
372,Broome,US,42.2506,-75.833,83.17,65,1,3.0,clear sky
373,Lavrentiya,RU,65.5833,-171.0,45.39,99,100,5.06,light rain
374,At-Bashi,KG,41.1702,75.8106,57.94,58,85,2.33,overcast clouds
375,Santa Maria,BR,-29.6842,-53.8069,54.7,54,0,9.22,clear sky
376,Buraydah,SA,26.326,43.975,100.85,14,49,10.36,scattered clouds
377,Sao Felix Do Xingu,BR,-6.6447,-51.995,87.57,32,1,2.77,clear sky
378,Cockburn Town,TC,21.4612,-71.1419,85.96,70,40,12.66,scattered clouds
379,Ulagan,RU,50.6321,87.9563,47.91,90,51,2.53,broken clouds
380,Nara,JP,34.6851,135.8049,79.25,94,44,1.05,scattered clouds
381,Mercedes,AR,-34.6515,-59.4307,53.83,55,0,5.88,clear sky
382,Ahipara,NZ,-35.1667,173.1667,56.32,72,63,6.69,broken clouds
383,Holme,DK,56.1138,10.1725,62.17,80,25,12.93,scattered clouds
384,Mubi,NG,10.2676,13.2644,73.4,77,39,5.06,scattered clouds
385,Tiznit,MA,29.5833,-9.5,77.97,37,0,4.52,clear sky
386,Acoyapa,NI,11.9703,-85.1711,82.49,72,80,16.64,broken clouds
387,Grindavik,IS,63.8424,-22.4338,52.27,93,90,6.91,overcast clouds
388,Saldanha,ZA,-33.0117,17.9442,53.65,74,100,17.9,overcast clouds
389,Eyl,SO,7.9803,49.8164,78.31,73,92,27.47,overcast clouds
390,Inhambane,MZ,-23.865,35.3833,64.83,90,17,5.57,few clouds
391,Riorges,FR,46.0418,4.0497,72.86,91,0,5.1,clear sky
392,Rabo De Peixe,PT,37.8,-25.5833,69.31,88,40,12.66,scattered clouds
393,Lensk,RU,60.7253,114.9278,59.38,83,100,2.8,overcast clouds
394,Laguna,US,38.421,-121.4238,102.02,26,40,4.0,scattered clouds
395,Soyo,AO,-6.1349,12.3689,72.19,85,22,8.79,few clouds
396,Hovd,MN,48.0056,91.6419,62.74,53,3,2.44,clear sky
397,Singleton,AU,-32.5667,151.1833,47.75,78,0,5.99,clear sky
398,Orange Cove,US,36.6244,-119.3137,106.5,26,1,5.75,clear sky
399,Muroto,JP,33.2833,134.15,76.93,85,96,10.65,overcast clouds
400,Auki,SB,-8.7676,160.7034,79.0,79,100,3.96,overcast clouds
401,Berlin,DE,52.5244,13.4105,64.98,68,0,4.0,clear sky
402,Olafsvik,IS,64.8945,-23.7142,53.51,93,100,8.16,overcast clouds
403,Aranda De Duero,ES,41.6704,-3.6892,72.41,39,0,7.7,clear sky
404,Balabac,PH,7.9868,117.0645,82.36,78,100,9.35,overcast clouds
405,Florida,US,28.7505,-82.5001,90.91,69,75,1.01,broken clouds
406,Yulara,AU,-25.2406,130.9889,51.64,54,23,4.61,few clouds
407,Houston,US,29.7633,-95.3633,97.3,61,20,5.01,few clouds
408,Barinas,VE,8.6226,-70.2075,91.44,52,100,2.3,overcast clouds
409,Kushima,JP,31.4583,131.2333,76.66,92,100,10.4,overcast clouds
410,Cranbrook,CA,49.4999,-115.7688,84.04,23,40,4.61,scattered clouds
411,Ternate,ID,0.8,127.4,78.94,83,96,4.41,light rain
412,Pembroke,CA,45.8168,-77.1162,78.78,39,9,7.2,clear sky
413,Central Point,US,42.376,-122.9164,91.42,34,77,5.99,broken clouds
414,Emerald,AU,-23.5333,148.1667,50.99,61,3,8.05,clear sky
415,Rayong,TH,12.8333,101.4333,83.97,99,100,6.78,light rain
416,Barcelos,PT,41.5388,-8.6151,65.84,95,8,3.04,clear sky
417,Jacqueville,CI,5.2052,-4.4146,78.71,81,49,13.8,scattered clouds
418,Katangli,RU,51.7102,143.2326,61.88,77,0,8.99,clear sky
419,Dawlatabad,AF,36.4141,64.9053,81.97,15,0,5.12,clear sky
420,Zhicheng,CN,30.2956,111.5047,76.06,95,100,2.19,light rain
421,San Cristobal,VE,7.7669,-72.225,80.78,84,76,7.16,broken clouds
422,Leighton Buzzard,GB,51.9172,-0.658,76.89,82,40,8.68,scattered clouds
423,Arlit,NE,18.7369,7.3853,95.85,24,61,10.78,broken clouds
424,Port-Gentil,GA,-0.7193,8.7815,75.16,83,75,10.36,broken clouds
425,Inta,RU,66.0317,60.1659,61.52,56,34,10.58,scattered clouds
426,Bitung,ID,1.4451,125.1824,76.05,71,98,6.71,overcast clouds
427,Sibolga,ID,1.7427,98.7792,75.25,84,79,3.78,broken clouds
428,Havre,FR,49.5833,0.3333,72.03,60,0,4.61,clear sky
429,Shache,CN,38.4167,77.2406,67.6,62,87,4.32,overcast clouds
430,Komsomolskiy,UZ,40.4272,71.7189,81.32,34,63,4.61,broken clouds
431,Sunbury,AU,-37.5833,144.7333,50.13,83,75,3.0,broken clouds
432,Simbahan,PH,6.3032,120.5836,82.8,71,85,4.29,overcast clouds
433,Athabasca,CA,54.7169,-113.2854,65.89,42,25,4.54,scattered clouds
434,Sao Miguel Do Araguaia,BR,-13.275,-50.1628,85.5,26,3,2.71,clear sky
435,Tromso,NO,69.6496,18.957,43.45,75,75,4.0,broken clouds
436,Soskovo,RU,52.7475,35.3828,67.01,91,87,2.28,overcast clouds
437,Cayenne,GF,4.9333,-52.3333,86.04,86,0,3.44,clear sky
438,Peruibe,BR,-24.32,-46.9983,58.78,59,0,3.76,clear sky
439,Linguere,SN,15.3953,-15.1193,88.95,40,82,17.69,broken clouds
440,Manokwari,ID,-0.8667,134.0833,77.04,83,91,3.4,overcast clouds
441,Palasbari,IN,26.1361,91.5486,78.08,93,100,1.7,overcast clouds
442,Fort Nelson,CA,58.8053,-122.7002,67.59,60,75,4.61,broken clouds
443,Mattru,SL,7.6244,-11.8332,74.5,97,100,4.0,moderate rain
444,Pisco,PE,-13.7,-76.2167,66.25,72,20,11.5,few clouds
445,Mtambile,TZ,-5.3833,39.7,75.97,76,32,14.54,scattered clouds
446,San Matias,BO,-16.3667,-58.4,76.95,16,0,7.56,clear sky
447,Hun,LY,29.1268,15.9477,84.38,32,2,7.96,clear sky
448,Trojan,PL,53.7897,20.2404,59.29,93,2,5.06,clear sky
449,Mongo,TD,12.1844,18.693,76.68,76,82,6.22,light rain
450,Roseburg,US,43.2165,-123.3417,85.75,35,0,5.01,clear sky
451,Mount Pleasant,US,32.7941,-79.8626,87.1,78,1,1.99,clear sky
452,Mapimi,MX,25.8167,-103.85,89.17,31,6,9.53,clear sky
453,Waterloo,CA,43.4668,-80.5164,85.64,62,20,5.99,haze
454,Kaitangata,NZ,-46.2817,169.8464,44.92,86,30,5.1,scattered clouds
455,Marquette,US,46.5333,-87.6335,86.36,50,35,5.35,scattered clouds
456,Moche,PE,-8.1711,-79.0092,68.18,77,40,9.22,scattered clouds
457,Batagay,RU,67.6333,134.6333,63.45,85,100,5.1,overcast clouds
458,Marienburg,PL,54.0359,19.0266,64.06,89,13,6.33,few clouds
459,Semirom,IR,31.4167,51.5667,72.25,29,99,12.88,overcast clouds
460,Petrolina,BR,-9.3986,-40.5008,89.65,31,0,10.36,clear sky
461,Acari,PE,-15.4311,-74.6158,73.54,52,13,5.46,few clouds
462,San Andres,CO,12.5847,-81.7006,86.02,74,20,18.41,few clouds
463,Somerset East,ZA,-32.7217,25.588,50.99,28,32,3.94,scattered clouds
464,Honiara,SB,-9.4333,159.95,78.08,75,100,4.0,overcast clouds
465,Marsa Matruh,EG,31.3525,27.2453,80.8,74,0,11.5,clear sky
466,Douentza,ML,14.9951,-2.9517,93.25,29,32,5.79,scattered clouds
467,Ufimskiy,RU,56.7084,58.0517,60.46,82,49,2.04,scattered clouds
468,Hurricane,US,37.1753,-113.2899,97.99,39,99,3.67,overcast clouds
469,Kudahuvadhoo,MV,2.6708,72.8944,83.03,72,96,9.37,overcast clouds
470,Ust-Tsilma,RU,65.441,52.1498,60.01,96,100,7.72,overcast clouds
471,Mayumba,GA,-3.432,10.6554,71.83,88,78,8.01,broken clouds
472,Lahat,ID,-3.8,103.5333,72.45,98,97,1.92,overcast clouds
473,Walla Walla,US,46.0646,-118.343,97.41,15,99,8.48,overcast clouds
474,Atasu,KZ,48.6814,71.6433,71.87,46,91,6.31,overcast clouds
475,Cap Malheureux,MU,-19.9842,57.6142,72.09,69,17,10.0,light rain
476,Pithoragarh,IN,29.5833,80.2167,64.15,97,100,0.69,overcast clouds
477,Malihabad,IN,26.9167,80.7167,80.51,76,100,5.21,light rain
478,Bocas Del Toro,PA,9.3333,-82.25,90.07,77,97,7.99,overcast clouds
479,Balikpapan,ID,-1.2675,116.8289,76.98,87,24,5.61,few clouds
480,Raga,SS,8.4596,25.678,68.59,97,36,4.18,scattered clouds
481,Montepuez,MZ,-13.1256,38.9997,65.41,70,28,5.5,scattered clouds
482,Tomakomai,JP,42.6369,141.6033,75.16,94,40,4.61,scattered clouds
483,Abnub,EG,27.2696,31.1511,95.22,19,0,13.98,clear sky
484,Luorong,CN,24.4058,109.6086,78.17,87,100,2.24,overcast clouds
485,Grand Gaube,MU,-20.0064,57.6608,72.0,69,20,10.0,light rain
486,Kismayo,SO,-0.3582,42.5454,76.82,81,71,17.07,broken clouds
487,Evensk,RU,61.95,159.2333,59.79,62,100,6.29,overcast clouds
488,Amahai,ID,-3.3333,128.9167,76.37,91,98,2.68,overcast clouds
489,Oktyabrskoye,RU,43.0645,44.7417,71.74,78,24,6.71,few clouds
490,Lins,BR,-21.6786,-49.7425,57.92,17,99,8.19,overcast clouds
491,Upata,VE,8.0086,-62.3989,79.2,92,80,5.95,broken clouds
492,Rexburg,US,43.826,-111.7897,97.34,10,100,13.49,overcast clouds
493,Kutum,SD,14.2,24.6667,75.18,64,88,19.93,overcast clouds
494,Alta Floresta,BR,-9.8756,-56.0861,89.42,37,0,5.75,clear sky
495,Touros,BR,-5.1989,-35.4608,76.1,80,42,13.51,scattered clouds
496,Enniscorthy,IE,52.5008,-6.5578,70.45,94,1,3.24,clear sky
497,Custoias,PT,41.1053,-7.321,72.36,56,0,5.84,clear sky
498,Cabo San Lucas,MX,22.8909,-109.9124,98.62,63,1,14.38,clear sky
499,Jalu,LY,29.0331,21.5482,83.37,43,0,13.82,clear sky
500,Flagstaff,US,35.1981,-111.6513,84.88,62,75,1.01,thunderstorm
501,Kavaratti,IN,10.5669,72.642,82.08,76,94,17.92,overcast clouds
502,Yokadouma,CM,3.5167,15.05,69.73,96,53,1.7,broken clouds
503,Teya,RU,60.3778,92.6267,55.04,92,91,7.14,overcast clouds
504,Ibra,OM,22.6906,58.5334,83.79,62,52,8.57,broken clouds
505,Puerto Cabezas,NI,14.0351,-83.3888,82.36,89,40,11.5,scattered clouds
506,Amanganj,IN,24.4333,80.0333,82.67,73,100,8.34,light rain
507,Atambua,ID,-9.1061,124.8925,68.97,90,12,5.41,few clouds
508,Cayhagan,PH,9.6697,122.4256,80.13,84,100,10.42,overcast clouds
509,Matara,LK,5.9485,80.5353,79.54,82,99,13.6,overcast clouds
510,Provideniya,RU,64.3833,-173.3,48.31,87,90,6.71,light rain
511,Kapuskasing,CA,49.4169,-82.4331,60.8,88,90,6.91,mist
512,Elesbao Veloso,BR,-6.2019,-42.1403,90.21,27,52,4.25,broken clouds
513,San Severo,IT,41.6897,15.376,70.66,86,20,5.5,few clouds
514,Chantada,ES,42.6088,-7.7712,73.62,73,0,2.66,clear sky
515,Praya,CV,14.9215,-23.5087,77.54,83,75,9.22,broken clouds
516,Salekhard,RU,66.53,66.6019,57.83,72,91,6.13,overcast clouds
517,Kyshtovka,RU,56.555,76.6271,55.71,88,98,3.13,overcast clouds
518,Dhidhdhoo,MV,6.8833,73.1,82.74,75,82,13.09,broken clouds
519,Ranong,TH,9.9658,98.6348,79.61,87,100,12.86,overcast clouds
520,La Union,PE,-5.4,-80.75,74.88,59,0,14.92,clear sky
521,Segovia,ES,41.1667,-4.0,81.82,27,0,2.21,clear sky
522,Harnosand,SE,62.6323,17.9379,57.99,60,100,10.76,overcast clouds
523,Sumbe,AO,-11.2061,13.8437,69.48,87,23,6.78,few clouds
524,Xuddur,SO,4.1213,43.8894,72.79,64,100,18.54,overcast clouds
525,Tahta,EG,26.7693,31.5021,97.12,17,0,14.27,clear sky
526,Dzilam Gonzalez,MX,21.2833,-88.9333,86.77,63,81,10.31,broken clouds
527,La Ciotat,FR,43.1748,5.6045,81.37,83,1,1.28,clear sky
528,Luzhou,CN,28.8724,105.4405,74.19,94,84,2.53,light rain
529,Angatuba,BR,-23.4897,-48.4128,52.38,44,55,5.1,broken clouds
530,Jibuti,DJ,11.5,42.5,91.71,36,100,2.59,overcast clouds
531,Along,IN,28.1667,94.7667,75.36,99,100,1.57,overcast clouds
532,Kuna,US,43.4918,-116.4201,95.83,27,100,1.01,overcast clouds
533,Langenburg,DE,49.2544,9.8458,65.1,75,40,8.05,scattered clouds
534,Sao Joao Da Barra,BR,-21.6403,-41.0511,71.69,69,99,18.99,overcast clouds
535,Salinopolis,BR,-0.6136,-47.3561,78.8,86,6,9.26,clear sky
536,Pierre,US,44.3683,-100.351,97.29,34,0,1.99,clear sky
537,Hambantota,LK,6.1241,81.1185,80.67,79,100,19.77,overcast clouds
538,Karangampel,ID,-6.4622,108.4519,78.1,82,15,5.17,few clouds
539,Longonjo,AO,-12.9067,15.2533,61.92,39,54,2.73,broken clouds
540,Hegang,CN,47.4,130.3667,69.96,92,55,1.92,broken clouds
541,Port Blair,IN,11.6667,92.75,80.92,86,100,19.22,overcast clouds
542,Stornoway,GB,58.2093,-6.3865,58.93,94,90,6.91,overcast clouds
543,Vila Velha,BR,-20.3297,-40.2925,71.55,78,75,13.8,broken clouds
544,Straoane,RO,45.9333,27.05,68.13,90,78,9.82,light rain
545,Assiniboia,CA,49.6334,-105.9845,87.71,31,93,16.91,overcast clouds
546,Astana,KZ,51.1801,71.446,57.15,82,20,8.95,moderate rain
547,Hay River,CA,60.8156,-115.7999,66.18,59,75,9.22,smoke
548,Haines Junction,CA,60.7522,-137.5108,67.95,52,36,4.61,scattered clouds
549,Hoi An,VN,15.8794,108.335,82.36,88,100,11.99,light rain
550,Bowen,AU,-20.0167,148.2333,48.42,83,5,6.44,clear sky
551,Nishihara,JP,26.1842,127.7558,78.08,89,75,18.41,light rain
552,Yelizovo,RU,53.1873,158.3805,55.54,100,90,2.24,light rain
553,Tazmalt,DZ,36.3868,4.3989,74.61,57,0,4.54,clear sky
554,Vardo,NO,70.3705,31.1107,48.4,93,75,9.22,light rain
555,Maniitsoq,GL,65.4167,-52.9,42.17,92,100,21.92,overcast clouds
556,La Carolina,ES,38.2756,-3.6153,81.23,26,0,7.38,clear sky
557,Merauke,ID,-8.4667,140.3333,76.12,83,99,13.24,overcast clouds
558,Shenjiamen,CN,29.9576,122.298,79.72,90,34,11.34,scattered clouds
559,Mabaruma,GY,8.2,-59.7833,79.03,85,100,6.29,overcast clouds
560,Mujiayingzi,CN,42.1167,118.7833,68.85,92,3,4.76,clear sky
561,Petropavlovsk-Kamchatskiy,RU,53.0452,158.6483,54.19,100,90,2.24,light rain
562,Ust-Maya,RU,60.4167,134.5333,65.46,72,100,2.98,overcast clouds
563,Fare,PF,-16.7,-151.0167,78.3,77,100,23.71,light rain
564,Quartucciu,IT,39.2519,9.1794,78.01,63,0,4.61,clear sky
565,Namie,JP,37.4833,141.0,75.78,98,45,2.53,scattered clouds
566,Poum,NC,-20.2333,164.0167,70.92,84,99,6.46,overcast clouds
567,Babu,CN,24.4167,111.5167,76.69,92,100,1.68,overcast clouds
568,Durham,US,36.0335,-78.8664,78.26,86,90,1.01,overcast clouds
569,Vulcan,RO,45.3833,23.2667,63.0,94,100,0.83,overcast clouds
570,Dali,CN,25.7,100.1833,62.37,80,0,1.34,clear sky
571,Chimore,BO,-16.9833,-65.1333,69.53,49,69,0.54,broken clouds
572,Porto Walter,BR,-8.2686,-72.7439,82.2,50,12,5.77,few clouds
573,Alexandria,EG,31.2156,29.9553,82.94,78,0,9.22,clear sky
574,Whitehorse,CA,60.7161,-135.0538,72.37,43,40,4.0,scattered clouds
575,Fengzhen,CN,40.4394,113.1536,67.14,88,18,4.38,few clouds
576,Muncar,ID,-8.4333,114.3333,75.74,84,47,2.28,scattered clouds
577,Tateyama,JP,34.9833,139.8667,82.02,83,4,4.94,clear sky
578,Itoman,JP,26.1247,127.6694,78.82,89,75,18.41,broken clouds
579,Fenelon Falls,CA,44.5334,-78.7496,82.09,44,67,11.72,broken clouds
580,Modakeke,NG,7.3833,4.2667,71.28,95,37,4.07,scattered clouds
581,Nyagan,RU,62.1406,65.3936,58.23,59,9,3.49,clear sky
582,Gorontalo,ID,0.5412,123.0595,72.12,82,76,2.3,broken clouds
583,Okato,NZ,-39.2,173.8833,47.68,86,25,6.15,scattered clouds
584,Mezen,RU,65.8522,44.24,50.14,83,72,2.73,broken clouds
585,Auriflama,BR,-20.6856,-50.5547,57.85,16,9,5.37,clear sky
586,Muros,ES,42.7762,-9.0603,68.09,82,4,4.21,clear sky
587,Awjilah,LY,29.1081,21.2869,82.76,45,0,12.71,clear sky
588,Rio Grande,BR,-32.035,-52.0986,53.71,74,16,13.94,few clouds
589,Sioux Lookout,CA,50.1001,-91.917,70.18,88,90,9.22,smoke
590,Micheweni,TZ,-4.9667,39.8333,76.01,76,48,14.23,scattered clouds
591,Pringsewu,ID,-5.3582,104.9744,72.48,97,38,2.73,scattered clouds
592,Fatehabad,IN,29.5167,75.45,80.76,85,97,8.79,overcast clouds
593,Bakchar,RU,57.0186,82.0711,52.72,96,2,3.2,clear sky
594,Mecca,SA,21.4267,39.8261,89.71,31,100,1.81,overcast clouds
595,Mangrol,IN,21.1167,70.1167,82.69,82,97,21.52,overcast clouds
596,Yerbogachen,RU,61.2767,108.0108,57.7,67,22,3.15,few clouds
597,Murom,RU,55.5656,42.0417,65.98,93,25,1.34,scattered clouds
598,Lasa,IT,46.6166,10.7002,65.35,78,23,4.81,few clouds
599,Hebi,CN,35.8992,114.1925,73.63,92,100,4.47,moderate rain
600,Gurupa,BR,-1.405,-51.64,83.41,66,51,1.72,broken clouds
601,Sirjan,IR,29.452,55.6814,79.03,39,9,3.06,clear sky
602,Vila Franca Do Campo,PT,37.7167,-25.4333,70.21,87,78,10.54,broken clouds
603,Batemans Bay,AU,-35.7167,150.1833,41.92,64,27,6.6,scattered clouds
604,Lakes Entrance,AU,-37.8811,147.981,53.19,64,88,13.2,overcast clouds
605,Canyon Lake,US,29.8752,-98.2625,97.74,53,100,1.01,overcast clouds
606,Kokopo,PG,-4.352,152.2633,76.69,86,94,6.13,light rain
607,Dobryanka,RU,58.4619,56.4165,58.86,74,89,4.85,overcast clouds
608,Kindu,CD,-2.95,25.95,74.64,41,7,1.05,clear sky
609,Roura,GF,4.7263,-52.3274,85.91,70,0,3.44,clear sky
610,Tual,ID,-5.6667,132.75,80.24,83,87,21.32,overcast clouds
611,Kokstad,ZA,-30.5472,29.4241,45.66,31,0,3.98,clear sky
612,Tanete,ID,-3.9443,119.7848,74.03,89,44,5.77,scattered clouds
613,Koratla,IN,18.8167,78.7167,75.29,91,99,15.48,overcast clouds
614,Lujan,AR,-34.5703,-59.105,55.31,59,0,5.66,clear sky
615,Westport,US,41.1415,-73.3579,83.01,78,90,1.01,overcast clouds
616,Clinton,US,42.587,-82.9199,90.28,62,0,1.01,clear sky
617,Strzelin,PL,50.7816,17.0648,62.22,73,23,4.92,few clouds
618,Daru,PG,-9.0763,143.2092,77.29,83,100,14.09,overcast clouds
619,Buala,SB,-8.145,159.5921,79.84,80,60,4.68,broken clouds
620,Hualmay,PE,-11.0964,-77.6139,67.57,70,21,11.14,few clouds
621,Usinsk,RU,65.9939,57.5281,64.29,55,99,14.23,overcast clouds
622,Iralaya,HN,15.0,-83.2333,80.69,85,100,13.47,overcast clouds
623,Farmington,US,36.7281,-108.2187,92.7,24,34,6.8,scattered clouds
624,Hyeres,FR,43.1167,6.1167,81.25,59,0,5.75,clear sky
625,Chikhli,IN,20.35,76.25,74.21,86,100,13.11,moderate rain
626,Riberalta,BO,-10.9833,-66.1,79.0,44,13,20.71,few clouds
627,Jertih,MY,5.7336,102.4897,78.67,92,100,3.33,overcast clouds
628,Gubkinskiy,RU,64.434,76.5026,53.65,81,0,9.31,clear sky
629,Moyale,KE,3.5167,39.0584,68.52,56,98,3.15,overcast clouds
630,Mahdalynivka,UA,48.921,34.9156,75.76,65,30,7.36,scattered clouds
631,Dutse,NG,11.7594,9.3392,77.25,70,14,11.79,few clouds
632,Kibre Mengist,ET,5.8833,38.9833,58.59,82,99,1.9,overcast clouds
633,Black River,JM,18.0264,-77.8487,86.0,59,67,15.39,broken clouds
634,Platteville,US,42.7342,-90.4785,85.59,54,75,0.0,broken clouds
635,Hearst,CA,49.6835,-83.6665,57.45,66,100,11.14,overcast clouds
636,Karur,IN,10.95,78.0833,78.66,68,99,17.0,overcast clouds
637,Goose Creek,US,32.981,-80.0326,86.99,73,100,1.01,overcast clouds
638,Parrita,CR,9.5201,-84.3225,94.77,80,98,4.14,overcast clouds
639,Impfondo,CG,1.6381,18.0667,74.93,75,100,2.55,overcast clouds
640,Bagan,RU,54.1001,77.6646,57.65,76,95,4.12,overcast clouds
641,Rudnyy,KZ,52.9594,63.1206,62.2,89,0,5.99,clear sky
642,Buhe,CN,30.2876,112.2298,75.2,97,98,4.74,light rain
643,Svobodnyy,RU,51.4,128.1333,69.21,98,84,6.24,moderate rain
644,Heihe,CN,50.2441,127.4902,68.58,94,27,3.67,scattered clouds
645,Bantry,IE,51.6833,-9.45,67.48,88,0,1.68,clear sky
646,Leshukonskoye,RU,64.8989,45.7622,50.22,87,58,4.72,broken clouds
647,Luanda,AO,-8.8368,13.2343,73.4,83,40,9.22,scattered clouds
648,Zhezkazgan,KZ,47.8043,67.7144,74.3,52,100,6.71,overcast clouds
649,Zarate,AR,-34.0981,-59.0286,55.11,61,3,3.8,clear sky
650,Chernyshevskiy,RU,63.0128,112.4714,61.74,61,100,1.05,overcast clouds
651,Nizhniy Tsasuchey,RU,50.5167,115.1333,63.61,94,21,6.69,few clouds
652,Kailua,US,21.4022,-157.7394,85.98,70,17,23.91,few clouds
653,Igra,RU,57.5558,53.0547,63.21,79,23,5.75,few clouds
654,Launceston,AU,-41.45,147.1667,47.8,94,90,4.0,light rain
655,North Las Vegas,US,36.1989,-115.1175,98.71,36,2,3.0,clear sky
656,Tigre,AR,-34.426,-58.5796,55.54,52,0,5.75,clear sky
657,Mokrousovo,RU,55.8103,66.7653,58.19,94,59,4.18,broken clouds
658,Alappuzha,IN,9.49,76.3264,78.28,86,92,10.22,overcast clouds
659,Noyabrsk,RU,63.1994,75.4507,55.17,87,33,2.59,scattered clouds
660,Smithers,CA,54.7804,-127.1743,68.32,49,40,3.44,light rain
661,Weiser,US,44.251,-116.9693,100.31,22,100,10.89,overcast clouds
662,Westerland,DE,54.9079,8.3033,59.02,72,75,12.66,broken clouds
663,Bhitarwar,IN,25.8,78.1167,84.9,69,100,5.37,overcast clouds
664,Kalmunai,LK,7.4167,81.8167,81.25,73,100,5.39,overcast clouds
665,Schkeuditz,DE,51.4,12.2167,65.05,63,0,5.75,clear sky
666,Lima,PE,-12.0432,-77.0282,64.65,68,90,10.36,overcast clouds
667,Los Llanos De Aridane,ES,28.6585,-17.9182,67.75,83,90,12.66,overcast clouds
668,Garowe,SO,8.4054,48.4845,80.22,51,100,27.34,overcast clouds
669,Nefteyugansk,RU,61.0998,72.6035,64.65,89,87,8.05,overcast clouds
670,Magadi,IN,12.9667,77.2333,70.14,89,63,12.82,broken clouds
671,San Vicente,AR,-26.6167,-54.1333,45.41,67,95,3.31,overcast clouds
672,Koppies,ZA,-27.2418,27.5742,44.2,22,0,1.68,clear sky
673,Haverfordwest,GB,51.8017,-4.9691,68.56,80,0,1.83,clear sky
674,Nioro,GM,13.35,-15.75,81.64,74,67,10.09,broken clouds
675,Palmer,US,42.1584,-72.3287,75.85,78,90,0.0,overcast clouds
676,Goya,AR,-29.14,-59.2626,51.73,41,1,2.42,clear sky
677,Mporokoso,ZM,-9.3727,30.125,55.8,48,0,3.74,clear sky
678,Akdepe,TM,42.0551,59.3788,89.6,19,34,7.47,scattered clouds
679,Benguela,AO,-12.5763,13.4055,68.27,87,10,2.57,clear sky
680,Son Tay,VN,21.1378,105.505,78.73,97,100,3.58,overcast clouds
681,Padang,ID,-0.9492,100.3543,76.66,80,100,4.05,overcast clouds
682,Morehead,US,37.2711,-87.1764,85.32,58,1,1.99,clear sky
683,Cururupu,BR,-1.8283,-44.8683,76.75,87,32,3.24,scattered clouds
684,Ciudad Bolivar,VE,8.1222,-63.5497,84.49,66,77,9.08,broken clouds
685,Tupik,RU,54.4253,119.9327,57.42,97,99,2.35,overcast clouds
686,Nador,MA,35.174,-2.9287,80.67,53,0,13.8,clear sky
687,Leh,IN,34.1667,77.5833,63.54,50,16,3.15,few clouds
688,Olinda,BR,-8.0089,-34.8553,73.13,83,75,4.61,broken clouds
689,Mayo,US,38.8876,-76.5119,91.38,61,75,7.0,broken clouds
690,Chingirlau,KZ,51.095,54.0814,78.3,39,16,7.34,few clouds
691,Poronaysk,RU,49.2167,143.1167,68.4,66,5,3.78,clear sky
692,The Valley,AI,18.217,-63.0578,86.14,70,40,17.27,haze
693,Saint-Francois,FR,46.4154,3.9054,69.67,70,0,4.61,clear sky
694,Vrede,ZA,-27.4257,29.1659,38.97,29,0,2.82,clear sky
695,Solnechnyy,RU,50.7214,136.6319,71.29,76,99,0.96,overcast clouds
696,Dakar,SN,14.6937,-17.4441,81.48,78,40,9.22,scattered clouds
697,Lyubech,UA,51.7026,30.6569,67.86,82,100,6.24,overcast clouds
698,Shaoguan,CN,24.8,113.5833,75.45,96,69,1.61,broken clouds
699,Pudozh,RU,61.8099,36.5345,54.91,69,30,4.32,scattered clouds
700,Murray Bridge,AU,-35.1167,139.2667,54.84,78,100,20.33,moderate rain
701,Luwingu,ZM,-10.2621,29.9271,53.44,55,1,4.36,clear sky
702,Homer,US,59.6425,-151.5483,72.09,69,56,3.36,broken clouds
703,Saint-Louis,SN,16.3333,-15.0,87.44,43,47,19.75,scattered clouds
704,Tacuarembo,UY,-31.7333,-55.9833,46.36,74,3,4.85,clear sky
